Time,V1,V2,V3,V4,V5,V6,V7,V8,V9,V10,V11,V12,V13,V14,V15,V16,V17,V18,V19,V20,V21,V22,V23,V24,V25,V26,V27,V28,Amount
144549.0,2.23895389604385,-1.72449908237709,-2.15148369909613,-2.57780317221167,0.993667516931836,3.56549151791139,-1.78595746414172,0.860121977166268,-1.26400250533549,1.56786679040006,-0.235685328673558,-0.70558767420037,0.363542700577397,-0.313459731804401,0.285036995743195,-0.577605641247027,0.381516412947294,-0.180758313674383,-0.318110084283109,-0.323809604471373,-0.149573583805746,-0.0493325427869425,0.278442331673372,0.684734758582714,-0.219027895524487,-0.159167327113628,0.03792013935895,-0.0499319490971584,32.0
80716.0,-1.31506181017471,1.63078268508498,0.597000577662654,-0.0383587690784527,-0.404579722587544,-0.965712070275325,0.212249086914878,0.735381267904697,-1.26792556601335,-0.482634566223643,1.43712425820156,1.7623892284626,1.25431794799472,0.862656504113857,-0.26620269868531,0.393813033622297,-0.265345458577673,-0.343554700623548,0.392416725425897,-0.067579808656095,-0.238898074174382,-0.94677303986612,0.323903743663514,0.5156316292271,-0.712999616509775,-0.266503224980391,-0.0177942077318236,0.0510578519461051,6.99
127116.0,1.9088013135949,0.0211840505099068,-2.08799660759165,0.129310130548447,1.16146764146744,0.605243879688693,-0.022370868750823,0.180295874371356,0.2838192313387,-0.497766483548859,1.53297739754679,1.03916131685571,0.475691134372837,-0.689465039339767,0.964111861027668,-0.277525440229926,0.793327645935535,-0.156679930746548,-0.994653770752428,-0.210473578298094,0.293608957459311,1.09584238028029,-0.0448738226523755,-1.68951712992371,0.106098060442036,0.0077575843743338,0.0451643156878346,-0.0530679918974581,14.95
91342.0,1.81125685545338,0.31655605460135,0.316751419330583,3.88023078521294,0.0484538361158361,1.02016341977636,-0.734867978666205,0.233651483456605,0.68142303089495,1.14670454978431,1.33731929834822,-1.77505089815125,2.17884312050242,1.23962652148403,-2.0371026375871,1.34414322657503,-0.475182119627859,0.824830358256801,-1.69348402967594,-0.228032274191485,0.138868755899599,0.700421687524609,0.174063802621103,0.702997163019978,-0.212523259927286,-0.0100178280052818,-0.0177396673065731,-0.0380060967884842,17.3
29522.0,1.35881683495085,-1.12088134120508,0.550265537474717,-1.54765884042858,-1.19495009652049,0.275447740080875,-1.20184324067567,0.212889103011934,-2.09428493937598,1.49282136896963,1.7378073006486,0.0143956871803416,0.329794898088036,-0.0446380848107074,0.473131058351621,-0.659716668662565,0.787524809553299,-0.641415665751977,-0.591751185245871,-0.361686485744129,-0.340972127121044,-0.636441793147525,0.252757780132604,-0.344160197765273,-0.0642818706794185,-0.439622193251798,0.0625241262835113,0.0130947854532992,24.0
60586.0,-5.8556467190939,4.83175262356298,-0.978363859487708,-1.24653865598795,-0.791982050985836,-1.28062312889402,1.08096858179734,-0.345016533682548,4.51658688689732,7.40609514423186,0.634674496150897,0.0868610675550221,0.430259874953066,-2.75240232381009,1.34245725197371,-0.330142154150818,-0.516229469678574,-0.652055291865918,-0.75764652812726,3.13665189044867,-1.24043872767006,-1.03456429756415,0.0884405966130053,0.2602795870882,0.944225894922565,0.008870137565308,1.35656948797882,0.304085817338496,8.99
38042.0,1.24216108740046,0.0185473137160997,0.320567264023925,0.562148698676327,-0.176983598790757,-0.158684557098242,-0.0307769041119431,-0.119640979648282,0.425498915382595,-0.266806922928443,-1.19033304182872,0.831435481511811,1.28542630752969,-0.398544923491728,-0.193337099492735,0.0130733590586696,-0.359225080073751,-0.614311171623589,0.554928436882608,0.0357946687478604,-0.330505543729669,-0.776651051637341,-0.056532651230755,-0.400081643322605,0.456492761047829,0.332278386594945,-0.0212133238011363,0.0134603580533053,29.95
168663.0,-0.88260682293646,0.283555214801364,-0.78791796309907,-3.78890244983486,-0.0577810769298059,-1.984937499222,0.976291511079458,-0.100798314589424,-0.302520504331264,-1.09757109039106,-1.39415944767707,0.29289122634918,-0.0694043991356049,0.475581154370956,-1.11675360352641,-2.37771795389214,0.0456593204878394,0.794022279753134,-1.03970333569428,-0.680456973696326,-0.216961802720102,-0.0469716148470102,-0.194824237058324,0.0585274544687652,0.224633496862661,-0.331284542446497,0.11948822005309,0.137466940256,39.44
155381.0,2.01259422757757,0.118106072106723,-1.60291744614588,0.346244405552496,0.398444158316063,-0.657123183342382,0.106058119791715,-0.114898348766053,0.187606460448234,-0.217641177663551,1.33615136999799,1.01480701236394,0.16848819662885,-0.679811893579496,-0.532770587796757,0.448275409735349,0.278305653095244,0.100132320517834,0.269231949358797,-0.129946555646484,-0.296029638527645,-0.781357868794087,0.344908484692924,0.676022539045244,-0.306973615844904,0.141477154260073,-0.0654589837222516,-0.0376704236674407,5.12
153773.0,-2.49233490234203,2.90799887366951,-2.48922279259501,-1.52867720178986,0.102727794331754,-1.45555427696785,0.578253748309536,0.888037823040904,0.492352985988043,1.41334688791871,0.167537191124098,0.367040113260766,-1.23601554201276,1.36841131825246,-0.680425004424001,-0.254302692034601,-0.309353855570094,0.235825976090412,-0.0111746660699214,0.522965763602724,0.14247898931642,0.756067288890572,-0.072140008552127,-0.402923266180008,0.0588931160343273,0.108097836197103,0.579207113784634,0.264426695756941,0.77
74401.0,1.12628987803603,-0.261606754224348,1.33648881465818,0.89635755678597,-1.15693289737963,-0.048139203906987,-0.780051365108859,0.256490876125668,1.07562578242797,-0.248927573485968,-0.41172138285218,0.0353022511786621,-1.15754870882852,-0.136855321615571,0.550547981947879,-0.172625499969177,0.286426276179194,-0.654300386291119,-0.512030339396037,-0.227151732744235,-0.0593485673650487,0.0152489465241797,0.120245633801356,0.417683368764274,0.102395749880868,0.330314607391906,0.0275928245521936,0.0237566356574071,2.86
37429.0,1.15302062581202,-1.03201509722452,0.0306080763864513,-2.40847739562713,-0.419662988654472,0.924668800534298,-0.8197681015666,0.415204921935709,-0.13082018406807,-0.265068380387622,2.39619958465238,1.48346663330857,0.362303958911024,0.46930663784185,1.96955726023159,-3.04241154726313,1.03982579604011,-0.309330360032135,-1.29818570283496,-0.542196631971676,-0.253938361797338,-0.0957100499871186,0.152277263325401,-1.00749113720132,0.0227301558795238,0.0168472315026028,0.0898319229164501,0.0001691619296167,33.6
17684.0,-0.154073819558508,1.16621284671855,1.6687190472326,1.4824825159315,0.591525932443244,-0.167544965667267,0.843634994788712,-0.463876971818673,0.447793956326975,-0.220683396087491,0.32158815476031,-2.50680299581293,2.7080779063305,1.41599580787973,0.890464002372786,-0.698467277378818,0.595449916271448,0.53842611656868,1.44435905902352,0.286164435327272,-0.097683271882957,0.238866631713239,-0.351042931111473,-0.159207642032801,0.145335954484861,-0.135493739108927,-0.0491826902596,-0.112530135622928,14.84
73675.0,-1.0100283326377,0.809061435589173,1.08381551079475,0.865133931445916,0.812645575696544,0.095684853083348,0.459144362739367,0.0316658128453184,-0.812893227196178,0.402536214750936,1.36508293622217,1.08656655909543,1.0462483651171,0.252960905314492,0.746857909065691,-0.494470611047673,-0.23342544053997,0.13227657053116,0.800272357458933,0.0563684100650613,0.14353280259918,0.683699549329163,-0.334657157880301,-0.241175837037031,-0.127888825336253,-0.229195088884325,0.245426152623813,0.189759057476127,42.05
140239.0,-0.893540992406911,-0.238285624391343,0.234749994199535,-1.19851911553269,1.1606481574939,-1.60139150095439,0.770590621691981,-0.304429299307005,0.0519452855984566,-0.694646064533672,-1.14924012512658,0.121058810584095,0.0455911190509813,0.046082042021005,-0.780308967306997,-0.0955336101992026,-0.395759710021963,-0.884315271566161,0.0890186911568864,-0.128173242532595,-0.143293283078694,-0.384177623491679,0.36548447535192,-0.059130842118268,-0.774221549116699,0.8482097919849,-0.0792820180256304,0.26600420335576,19.95
167658.0,-0.173239618336041,1.30356309083416,-1.01797707489868,-0.642586299237916,0.93696474942492,-0.504801656758044,0.716668276004886,0.295931270242193,-0.325354449338261,-1.09716761678028,-1.21265025625914,0.351879222588734,1.13734343125574,-0.927249004269008,-0.33891306898423,0.586811940839523,0.259903791810552,-0.0938287802728699,-0.0167552763750002,0.0220357443466971,-0.319369959958752,-0.878961780292061,0.0986107522980935,0.0045822853105575,-0.278039147986405,0.148278329270293,0.0975685190429712,0.0184308416604939,17.99
149985.0,1.90922243902508,0.407452117892921,-1.96276668323604,3.6470211243561,1.15872021892633,-0.180147586260386,0.817219124486683,-0.253842271054188,-1.04747092073624,1.54751584654907,-2.45899707951503,-1.51692974135035,-1.6602094583524,0.863551717515122,-1.00400274829602,0.617111597760918,-0.801167127613485,-0.179934445932198,-0.971738614523152,-0.241199939666289,0.0727420067577798,0.053895649501028,-0.188696861188188,-1.0420098336281,0.474709475741372,0.232534873252283,-0.105071248453518,-0.068978405388595,80.21
159016.0,0.120119378493635,0.726169957086305,-1.96259407470387,-1.29045441118419,3.23953053394605,3.09894444743113,0.325884387541072,0.851239164634891,-0.130705083388707,-0.748428628775737,0.225977309338483,-0.292622364161574,-0.296443812370305,-0.61950832366703,1.11813263924608,-0.0454261785500821,0.357013160755372,0.58480561602812,-0.322297761926382,0.118029497560973,0.263767890788381,0.874546609938568,-0.142577815245001,0.63289899670752,-0.287778385065637,-0.118044531555965,0.404389256501325,0.185562597594276,7.0
33523.0,1.34921704929488,-0.496627420615295,0.562320896795019,-0.636112639893951,-1.08542975531634,-0.829071822351025,-0.598526953299216,-0.0665318487719018,-0.748727111818015,0.599936636756352,0.208046023593879,-0.739381174482759,-0.606874917078204,0.0739546401669291,1.08451255920268,0.818921995816591,0.674102032741515,-2.03811549260475,0.126215980511148,-0.02234270840646,-0.0066614407178045,-0.131924795223756,0.169449743057568,0.377512641435724,0.172545167782597,-0.407218171813635,0.0173280463760152,0.0179496985010048,7.95
133170.0,-1.77804610795079,0.502236248686113,0.550847180434803,3.46896994086069,2.72584814366532,4.92122962590963,-1.02843722155796,1.7483909419751,-1.99576750817709,1.38999403076763,-0.420886725761203,-0.699302981197267,0.251635622624163,0.401844587683657,1.78193611481486,0.343447888294279,0.0121383894971478,0.554995079379714,0.889867266724284,0.185481663962287,0.146767162753235,0.59631791691885,0.61821020284308,0.687105833513462,0.47953964036593,0.636371368202236,0.262613674031625,-0.0193843718772456,18.96
51967.0,1.03739286754417,0.296302719400815,0.890266729207244,2.67094352094441,-0.189578274325212,0.293942465277453,-0.0486742630441264,0.108827316875456,-0.330746602320963,0.453287301690897,-0.616622465982612,0.419408037352274,0.173698022058098,-0.128682963104998,-0.408166630129325,-0.0238993068529619,0.0227991574776114,-1.15520413129583,-0.953460501336099,-0.107605098262149,-0.236272280829546,-0.608307424759639,0.077646296497406,0.0463714472277673,0.298751095799997,-0.154601987262499,0.0201968823497343,0.0303339554838501,42.88
122772.0,2.01981770483207,-1.43658492362859,-2.37783396129161,-1.26731269281253,-0.705956563887479,-2.06698234709584,0.397206141791209,-0.855634952443079,-2.26436122672462,1.64434143349885,-0.443209313168473,-0.452302198997944,0.838911802603072,0.215436098851672,-0.779588890329777,-1.58156602186688,0.930932948168136,-0.609657274188903,-0.235412567746512,-0.0724562801266368,0.264117145843109,0.937198460675032,-0.267044461667278,0.548865615405722,0.553544961556516,0.251407722317656,-0.0993536349952508,-0.0500636710317359,198.0
194.0,-0.773295861622834,-0.190661402386917,2.40494626076765,-1.79988075414783,-0.396516457943764,0.199217657669888,0.257805624374725,-0.341961661770583,-0.0697277302262612,1.18136747122766,1.46525144315635,-0.105116481076934,-0.232535810945632,-1.39711897869781,-1.21718188021664,0.568078153640152,0.0365881826167954,-1.27257087233288,-0.0902117416076871,0.436142396797157,0.235139826433439,1.447800396277,-0.320606648031116,0.271029137914952,-0.0682992709357898,-0.266823197743011,-0.12705897602667,-0.392033031697852,32.77
101791.0,-0.463396849871001,1.15808440507782,1.53693479440503,3.11249865725171,0.818336502277006,1.88797493164932,0.599927001597453,0.306167567742318,-0.339003947049028,0.376664975937505,0.706559813585651,-2.27482818109377,2.81372824040585,1.27788058578905,-0.0168555462969378,0.35567830116146,0.476070419202417,-1.39057086154111,-2.8120797252466,-0.233872713980595,-0.13870658202987,-0.152077875268532,0.347240048982888,-1.09140779182725,-1.08967609376889,-0.361433796831131,0.041091719058687,0.0555008807129978,112.65
118979.0,2.08567787445229,-0.875491582201501,-0.771126102417359,-0.353169171315114,-0.535167709581582,0.160972761460634,-0.805951229052662,-0.0170923738982869,-0.115503535226873,0.808007964459071,-1.6238283025724,0.112348960323953,1.09278175044606,-0.346004406007412,0.38186879030717,-0.886376469652377,-0.602652376670135,1.12940570793314,-0.613409055488897,-0.439411317343363,-0.636960960663718,-1.36210000446282,0.411381034070121,-0.0244463303204829,-0.572501152979119,-0.0571811512829612,-0.0011087940096571,-0.0263126888187386,49.95
100654.0,1.95981773338548,0.447707574840268,-2.39225722670825,1.49447179389382,1.28199957875392,-0.336082225451264,0.478084114592338,-0.221581591409947,1.24488382251924,-0.564116824898905,1.62524810795766,-2.18980513210288,0.902473320865664,0.705827614008369,-1.67652919782936,0.0945260391249692,1.34894634259689,1.00845240287078,-0.184116133576198,-0.207939578382316,-0.152951138124521,-0.113374768227235,-0.0692457314059861,0.0254305616099716,0.460284348660218,-0.552583608265549,-0.0412336160304766,-0.0387044248411137,39.46
50049.0,1.07731308928045,0.0690789844006235,0.485032212786345,1.34535526644939,-0.263815846412832,0.0109191493790744,-0.0511734145476852,0.148398320485021,0.10953384376253,0.0550936079446109,1.23957577426616,0.957268328412782,-0.869281586849588,0.401739799639902,-0.740205821520332,-0.555658150461839,0.123392768327656,-0.470886678781704,-0.156037243555756,-0.194943008992521,-0.0344523050940171,0.0358728294564869,-0.0558621585625169,0.216017446035893,0.57892694487815,-0.341846949424216,0.0294775034279706,0.0091326271059511,23.68
84601.0,-0.338892440822974,0.848920769789881,0.831515930643074,-0.539252393541867,0.702666858950418,0.389106071507378,0.486293901238556,0.264870238091311,-0.339098176994815,-0.104514042590152,-0.469582190488886,-0.629937981053386,-1.06300583623259,0.496540222062767,0.418027377864361,0.960802293088143,-1.19716939990458,0.868647249920766,0.962665035214357,0.0854829983662799,-0.303461133294637,-0.907965035001896,-0.226124449270902,-1.45463624754277,-0.0369751764277352,0.16521496613497,0.249745766468265,0.0906535600443315,5.49
49964.0,-0.76975617724083,0.781134999747626,1.83329081573736,0.465173876325851,0.39479094703846,-0.603077921529483,0.782862386060936,0.0245021642051388,-0.323395895863739,-0.799504869184737,-0.279418296640276,0.561760553602461,-0.0992380665050439,-0.0812159714704324,-0.826311287121163,-0.74177454996795,0.18841155754201,-1.08192587197167,-1.11970709499162,-0.175301823086944,0.0470245025087518,0.258044102535642,-0.136385876517464,0.608585693188126,0.103709179845871,-0.523297883712568,0.120856246817031,0.125531938869647,5.0
136610.0,2.16056845393837,-0.845233791246873,-1.07239629826948,-0.887576490016266,-0.787996330221472,-0.983991260581352,-0.571106287248093,-0.0972330427830364,-0.380770978267863,0.981546533078436,0.84548013313148,-0.561925885621773,-1.71118111942171,0.438753811996513,-0.713094639203479,0.943910970052559,0.28487342423213,-1.31051297404137,1.0360223794088,-0.173158934217706,-0.0320172232500229,-0.162957205501555,0.315861926485436,-0.0399712136240938,-0.29109557937269,-0.41910797240364,-0.0396606972676077,-0.0718035739097473,4.95
121723.0,2.08619005821209,-1.30533452094071,-1.83507124510308,-1.90807486113624,1.275418492668,3.65917520050663,-1.55672167770197,0.966086576102793,-0.0846671455594534,0.712301896934264,0.0635776434264942,-0.330053568716603,0.133291902943285,-0.255814158489236,0.630655815410254,1.18387486567517,0.0348698097607736,-1.64200561342564,0.485353652916996,0.108883340798247,-0.027080547139593,-0.244015630330066,0.399289200606168,0.677391807896508,-0.470441564162323,-0.467678414777788,0.0266647369228321,-0.0411565399498667,41.0
163591.0,-5.52196367553653,1.8959052546259,-0.295169531025852,5.02635564830911,-2.31995699186734,1.73846263256558,-2.43099868830451,2.68950698647983,-1.11601498516481,1.01907355779667,-2.43785233528027,0.487186964927648,0.80139970049051,0.705646924788697,-0.0625280176058505,0.670110793890865,1.34428468124752,0.362309080556047,1.5922314091847,-1.58011238172845,0.0369046491278092,0.144621893695687,0.397402928897773,0.647533122759879,0.18125228582051,0.292988641207401,-2.39145513337568,-0.166166252093468,42.61
46559.0,-0.457442416183796,0.0350568244534843,-0.546674510250712,-3.11157095356039,2.31519678242011,2.80875005500268,0.0671207271609969,0.719645013287322,0.588582813023553,-1.23829915829646,-0.059933438505273,0.133765219015782,-0.0449887248850555,0.340174999236986,1.58992369406103,-0.27420254885498,-0.658317879921432,0.448963387307639,1.25092596576488,0.0838697766031033,0.0391630159525199,0.0197911170344509,-0.0384072884379841,1.04375348545868,-0.206211908394258,-0.0987183400698131,0.0161725474871036,0.159715572316237,25.87
77304.0,0.480368630570509,-2.77625496017617,-0.548201222839163,-0.754582284260137,-1.97270407937036,-0.85112772684106,-0.0542174147658396,-0.371061479189638,-1.66166764058083,1.17639540095158,-0.999534582317965,-1.51788945000332,-0.977792906824085,0.0427225402396757,-0.159776114187787,-0.826885617158925,0.952615836330701,-0.0200624194756978,-0.0912002771476463,0.669371464416854,0.100808773751631,-0.496867412975394,-0.555390573276399,0.340262778371735,0.437976555129084,-0.114189264360995,-0.0960101352249284,0.100661615271125,559.12
170001.0,-0.997497346253515,1.31215819365854,-0.92478447978649,-0.964020569841259,1.99521864145321,-0.336176695330906,1.17050245479681,-0.992489163492081,-0.981539281628292,-0.723128720534401,0.462626926795734,-0.357833270921381,-0.634982487370049,-0.530477242285273,-0.344142297625509,0.550402323542804,0.164581351055523,0.892185771453608,0.4135731944195,-0.304050487953561,0.726313042447397,-0.447921376000396,-0.351405010309993,-0.228670733794933,1.26364857779775,0.748137708506,-0.395479023532109,-0.0382817895978562,1.4
130404.0,2.06697722789562,-0.961599039302242,-1.8163594688151,-1.1499944596051,-0.105438042309468,-0.507184475955669,-0.250569366563381,-0.145835482399851,-0.814502647678258,1.00659635774295,0.71765349879182,-0.472864890986388,-0.746462306862672,0.521484688157121,-0.237729629483756,1.1804306233127,-0.100831027093859,-1.08142305434086,1.02350392365041,0.10598725654697,0.113234294835464,-0.0091160581807791,0.139879269007136,0.267909156268176,-0.0998511810745132,-0.344432628166647,-0.0747245229811898,-0.0581277233714502,90.9
151457.0,2.07785188608758,0.575184138337485,-2.75747890407388,0.414576699187214,1.16109436016717,-0.88349759803435,0.31110807938483,-0.249049376884724,0.185554214423153,-1.05460837209478,1.1330859318071,0.587487984767543,0.949473556053647,-2.57330390192034,0.348180865629642,1.22382649319768,1.09825046712477,1.99079711218589,-0.0305334055407204,-0.0535390597367736,0.0922108201742279,0.48164228355499,-0.196543733568898,-1.22747076322697,0.393618601050121,-0.0598073751186451,0.0206983395588322,-0.0107918984086542,1.0
135474.0,-0.62656454078873,-0.567742004341191,0.501532235469475,-0.76200907214624,0.988011646874221,-0.183587788922978,0.133099288650013,0.0806247474662903,0.301315831105322,-0.666608581183713,-1.65770829867712,0.0555074370284028,1.04206784787959,-0.320131519457843,0.345487815942127,0.725699801108267,-1.1306305309908,0.471672223198518,-0.318523588547182,0.362706567549073,0.408508797464388,0.878206455233386,0.327399684780283,0.0894908884826582,-1.02832196592001,0.471428627194563,0.151458531645458,0.27147022666913,105.5
84131.0,-0.691860947415405,1.20187601633053,0.414530551591287,-0.329274197192731,0.458550620234049,0.426320463067709,0.138223790763723,0.7422923547076,-0.669470900485393,-0.599136641299475,0.426167277091281,0.187028583723523,-0.247027276217414,0.14682076836178,0.54966258494927,0.775144726750538,-0.19053006377815,0.394307993969308,0.27742002169728,0.001829828608058,-0.221232932558281,-0.731650917909002,-0.0634909190469497,-1.21681381383424,-0.0982748269094584,0.160607111694616,0.125422721654462,0.010241375271627,10.98
1474.0,-1.19226137519099,0.929927607134512,1.43578981813518,-0.590854529344833,-0.220020874912951,-0.856301664748949,0.619004009372473,-0.013307533706708,0.660853887659507,-0.163074644002307,-1.05826116745304,-0.583751900935215,-1.63217478349076,-0.0989267385089173,-0.51894927406847,-0.185955824374537,-0.0669773453769908,-0.510871014520542,-0.0873198625214415,-0.025132799447024,-0.232166789898009,-0.467623715832835,-0.0345393627504738,0.373242623763667,0.0205797639987456,0.366149373617787,0.122483741906842,0.227515214113506,5.0
30860.0,1.26806328356021,-0.904408612791197,0.941315947680337,-0.771779629760161,-1.41869300460499,0.0323882452598619,-1.30201295691988,0.310703517185941,-0.418316855242781,0.7756487000214,1.32420784819792,-0.718078227716511,-1.39992329102839,0.0988975589258339,0.844132632758738,1.4605595383938,0.175025051230713,-0.606780032148534,0.162750803349208,-0.0125820752925038,0.448143623748256,1.14610062610968,-0.0748329364847613,0.0302358103419459,0.266512078275187,-0.0329728597609742,0.0377462654493185,0.0106200253987639,22.0
152943.0,-1.58691979638647,-1.26954356508241,0.0889845795792703,-0.490560679936381,-0.265005533757709,0.876308198434062,1.57863396595072,-0.433516489209665,0.655363293130386,-0.310697449524735,0.28263329592967,0.193151290958046,-0.0698889951030811,-0.216881162882034,0.156641805711408,0.782078973632246,-1.44079473260587,1.13395461662258,0.0854012189779639,-0.689520805966637,0.0808025083459968,1.06683784858186,-0.345152107049551,0.286797527618748,-0.863340268228935,-0.42163128681009,0.329120125726769,-0.117326972727079,497.68
56736.0,-1.14634727711994,-0.21606803088632,0.831084427732048,-1.86892712708466,0.545605818854254,-1.08589765263565,1.23191450435969,-0.073392390116816,-0.0440991594743898,-1.5746603947697,1.83177838031773,1.41992307055452,0.0116703380319903,0.687342098427187,0.239202828966674,-0.764311824038947,-0.266479930641948,-0.430602225801996,0.0675495518582339,0.296644736185766,-0.0059686259965001,-0.424609166148091,0.390715220255464,0.164811092338067,-0.0259228567811762,-1.16101633911026,0.0630131234625184,0.138337440396363,150.0
147986.0,-0.0431198378574325,0.693508230374837,0.572909876703539,0.0674812771860105,0.416142101298436,-0.908303104356122,0.783717982785666,-0.157005613535053,-0.248809731598431,-0.333071142714831,-1.01658636330885,-0.560842971891914,-1.064945800529,0.504935029618042,0.397880670326451,-0.581657056343464,0.155003815943294,-0.516050948957135,1.0863686797214,-0.0660350838296319,-0.169825329526501,-0.447132839243521,0.0757718641819438,-0.0280169770978567,-0.90556824141423,0.290768319199629,0.141607542156406,0.190023757391937,0.99
157891.0,-0.79761184988351,0.0890264281673536,-0.297355996257082,-0.672519014708262,2.26215957335878,-1.54555949606719,1.02827726991579,-0.334731493287736,-0.742249673570023,-0.607282103333396,-1.08240579390628,0.186773289705327,0.465186993112988,0.385069701442077,-0.772324410384925,-0.660851439777217,-0.256849610911999,-0.62242517190866,0.0906999534808683,0.162904944617692,0.259202148843272,0.584549138378743,-0.210682980573219,0.768047874143922,0.249427547046301,0.737383729361696,0.0008452648953466,0.15554389046145,6.0
41164.0,-5.93277795485543,4.57174320411303,-9.42724692838332,6.57705643811276,-6.11521812544893,-3.66179789602346,-10.8940785545016,3.70921000751656,-5.85952387304171,-12.981619145004,8.26529460055417,-14.1541653609607,0.479842781966758,-16.3375959447735,1.64604527960375,-12.3753974432385,-21.090612716108,-7.7245457358645,3.85637474254372,1.19107830456005,2.01427156558263,-0.167416617986259,0.0499675298711021,0.384429719031746,-0.0778835668224832,0.56549290579318,1.79201191700266,0.371007021212136,5.3
172466.0,-0.107288848295431,0.955497920628229,-0.0784274207600776,0.204547120539006,0.712520727721539,-1.1979908961296,0.955672326890031,-0.233750392750627,-0.260845697550341,-0.955446820829641,-0.550446851074955,-0.847340479549239,-0.914406749092424,-0.647106530096776,1.25500043679682,-0.248457954475189,0.911403857700228,0.877818684543956,0.494919391821077,0.0116264401222744,0.315638863008617,0.973636428646785,-0.263304933913144,-0.096602860168708,-0.268730730516578,0.0028207056493998,0.197339907057585,0.21473461796033,18.98
113723.0,2.06711230924087,-0.179745019933984,-1.63102507980822,-0.0183285137948134,0.348815707868264,-0.388284050948423,-0.031616725759582,-0.0494231441443413,0.710708812715844,0.107147528111446,0.366386097980814,0.176064058373778,-1.2067942521011,0.895532838851737,0.368097724045445,0.112796126945682,-0.882410518926004,0.898572441524755,0.272629786623569,-0.282275815296406,0.274098854649113,0.842560827082463,-0.0357772255772174,0.269668821429594,0.336025305429089,-0.441385506502374,-0.0089555815268646,-0.064030372906553,1.0
53655.0,-0.53748987527291,0.84726786619387,0.64593609389707,0.948402277763284,-0.430820358419364,-0.0207743798014266,0.502597903098794,0.517719450716249,-0.969929195012708,-0.321292959745708,1.40851333070586,0.736203101810136,-0.318945510419238,0.930197820395482,0.554989034392446,-0.26944748841415,0.070050667328335,0.174635564227029,0.174665305415365,0.0306496079547783,0.321106045768739,0.654386484360192,0.221596933979144,0.214630543287604,-0.233498816403611,-0.330437587093261,-0.0670187028385012,-0.0231959044783937,107.9
125338.0,1.7762778478163,-1.75178783929822,-2.52386634996401,-2.792887282561,-0.340492518446924,-0.926401303099922,0.225594197611239,-0.418340935960771,0.447532906086362,-0.33520000122471,0.660667414196186,1.29300482391568,0.656562369632804,0.624854430183368,0.334745739859468,-2.52778869232591,-0.223546249492423,1.83978075058497,0.714849799796099,-0.0375125917170399,-0.0667971650511044,-0.0587621831109055,-0.21029285174916,0.304334010500241,0.331961706813443,-0.753746732011682,-0.0180973039130651,-0.0205279043410103,259.98
142066.0,-0.519735839467839,0.967148013550902,1.46296769140913,2.47388159263191,1.34966939917531,0.266609238713703,1.02790741577425,0.0167525020256285,-1.82068717340678,1.06041805420096,0.223542167814221,-0.49106484668628,-0.901288369655927,0.399690163930816,-1.07486967691875,1.46725362238887,-1.49925124528003,0.0276794467186786,-1.30002156819202,-0.0328977705654734,-0.316011065257363,-1.15515862205026,0.286921691005852,-0.560388789596935,-1.01568809976052,-0.739098977389249,-0.0411160026158631,-0.0287500648981837,39.0
57544.0,-0.229334771380857,0.876043189602534,1.72299599674749,0.358846872476542,-0.0789835451749051,-0.585608485676589,0.480923641570644,-0.011297214610757,-0.946937019222602,-0.162301806109451,1.69201884369928,1.10484785540927,0.767266588823954,0.254317778100497,0.439136253824832,0.0823422153062195,-0.370248178591071,0.0516425768118782,0.871428754545203,0.103563966376041,-0.120236712778319,-0.391944416942433,-0.011318653671862,0.546823099044611,-0.204675420336355,0.145612956855244,-0.0158732819314128,-0.0074515430286357,1.79
65878.0,-9.34048836502996,7.45199197304754,-3.27641054996155,-2.82231548109272,-3.4313311390201,-1.62810689574717,-1.66594516404768,2.78310794002616,4.83051224990323,7.763651374341,1.16620163710205,1.17713511290999,-0.867449582675383,-0.300455947222576,0.189255875761541,0.64704301865028,-0.275012907839071,-0.09129346346496,-1.33562258717613,3.19911905761052,-0.872520447711678,-0.613568169574362,0.519514177972169,0.423729590023028,1.00987088466814,0.585958662923702,0.4427135557477,-0.780173322761893,0.68
76159.0,1.53226152085177,-1.05843530216312,0.054176665573655,-1.56104750003796,-1.00601931006647,-0.0940559234544006,-1.03773460251244,-0.030288189103598,-1.71386200536711,1.41259072975686,-1.09337547527618,-1.34336106561653,0.109210556664091,-0.226235290204039,0.936543129594422,-0.425497365288546,0.512397078726516,-0.154322178848303,-0.284241749793732,-0.363783704406616,-0.246896128779712,-0.305583453313657,-0.0345804736694252,-0.803700650823802,0.408325328917422,-0.122886503615556,0.0417574191445756,0.0081778544585302,15.0
35212.0,-2.08051373288431,-0.799710652715074,1.10919325492525,-2.33853168980068,-0.358394138320769,-0.382642614505358,-0.891853266395825,-1.65402362378286,-2.24557849586459,1.56807106549895,1.58803740511789,0.381360119874357,1.31840143138372,-0.551972188368107,-0.616500749376092,-0.350831416591194,0.317831309291925,-0.117215898042875,-0.86656273259427,-1.36446063220846,1.22360807993558,0.0241380941730847,1.02421154408775,0.200350061219677,-0.129149312504423,-0.357572572928378,0.618143333989452,-0.0130154070572343,10.0
115339.0,-0.785199001462367,-0.0276204936974212,1.33471219924004,-2.15678927379172,0.347028820275128,-0.829319841018839,0.466468512552767,-0.138764769041373,-1.23642352768084,-0.515033247030526,1.16493514970025,-0.90984848076987,-1.01932788185419,-1.50667494361642,-1.0351415996691,1.56753647311115,0.765330662250652,-0.385554618083417,0.0855058433713886,0.210678575560238,0.133060425188064,0.294257580471469,-0.404505675917713,-0.0952536639540608,0.659742756251765,-0.20904861976554,-0.172549922899573,-0.159366156716754,31.95
77813.0,1.23001771699304,0.334940553911641,-0.824034118940004,1.30249929211773,2.30764646461435,3.72792864669395,-0.447765802286392,0.896532560794404,-0.873404172066829,0.727962702728462,-0.252199491470272,-0.205123941666612,0.0292845713042569,0.423293629111184,0.74531748726422,1.10082784501175,-1.15009322556059,-0.0290251628270156,-0.551258122524785,-0.0152428545967009,-0.298776143673652,-1.10204651611547,0.104549917198741,0.945638987580472,0.406728711773557,-0.251261043383773,-0.0052549540884226,0.0229349426958209,8.66
139522.0,2.0814451868311,-1.06315925389941,-0.470858170465384,-0.737258270991918,-1.2150706897352,-0.764512462887893,-0.919774560407694,-0.166326742847242,0.0759048307300628,0.705857109077097,-0.712514380365013,-0.265497026559501,0.576592691746985,-0.543507116746792,0.18286733843296,1.07688814106516,0.174215377941557,-1.27932401973292,0.356428172316871,0.0600324975705108,0.355720627702412,1.05787279581422,0.105162554071651,0.0366770286698578,-0.167040431103267,-0.0899523354697578,0.0090088638906918,-0.0410633426183671,49.9
29519.0,0.815038355601307,-1.35353525629374,-0.227670370840132,-0.205707165393798,-1.13512396207115,-0.939316995756587,0.239405715484099,-0.423409819778283,-0.958355637570109,0.456880342845257,-0.598051411642843,0.414376875283268,1.02648474842133,-0.0740614029175689,-0.0954125390805496,-1.79483412549749,0.275327169551159,0.557481612480102,-0.565207965276031,0.175151497202378,-0.254578540364887,-0.780663801949327,-0.285466421121966,0.465050907289029,0.349291563817887,1.0570103597879,-0.121195465350799,0.0529510943280692,312.96
39407.0,-1.01887763788202,-0.630544133455126,1.15736191078791,-2.73748026916201,1.50250779882482,3.6545509506499,-1.13473211708527,1.19805141709232,-0.901145003449411,0.109465273855674,-0.5593737703804,-0.622811452740944,0.425799371176741,-0.438416773143667,1.15120786804366,-0.185947703639184,-1.04368377121316,2.17767906620305,-1.2650591529467,0.0246557866462921,-0.162188272725292,-0.256052425957879,-0.0957302087072966,1.02444368961785,0.220103508100636,1.07284855800331,0.235698023941061,0.134072076710034,45.9
21028.0,-1.63192207768891,0.664863704905306,2.12567954496808,0.0223041823348651,0.266936971112324,2.3338366468833,-0.859141459074816,1.28939910267904,1.23421430427384,-1.11161178411317,2.3124399701236,-1.29357364867743,1.59359149254728,1.47694602337335,-0.278250007429577,-0.862721663023194,1.61380322878953,-1.0997209606774,-1.15918433461286,-0.134147194834729,-0.0292780090653529,0.330254364384659,-0.170235544959906,-1.35994074908185,-0.0947398017392995,0.448111203237839,0.11075634279622,-0.0086818523744533,16.95
49878.0,-0.655398691635192,1.28526019397461,0.238733206149712,-0.408787656647693,0.739635764224813,0.281236901150573,0.281056288928537,0.549896487282668,-0.873795885927729,-0.599839491705785,-0.01458604423354,0.801758599205463,1.52769582769983,-0.240266814515692,0.160217344523993,1.15342836508986,-0.765653912908579,0.824779864164058,0.834936089838253,0.176338029012927,-0.260908845288687,-0.820048339133645,-0.183810750561136,-1.4207235840231,0.10428288958504,0.159419998893525,0.120400260788159,0.0009870667738275,10.49
1839.0,-3.76635495687565,0.0011524100931593,1.29138855960704,3.63539310654681,-0.118166550944944,-0.0671626510827364,-2.28644650476872,1.75597338210586,-0.385374173799012,0.633255126651698,-1.31241047645613,0.254941881079809,-0.386138455863951,0.49043537560715,0.321687233733395,-0.228232771778019,1.28587781553884,-0.445723776513229,0.842838178384914,-0.307880926767925,-0.253191545396841,-0.413501604685424,-1.08517859567796,0.184933907901855,-0.0894793441531314,0.255445453094458,0.790232347057114,-0.616005897251199,0.0
57005.0,-0.710264093556436,-0.0953196830641264,2.89971616412546,0.718611979877047,-0.501954564552341,0.968640547932192,-0.0071230514046918,0.308005666961683,1.3833394475765,-0.886685037130664,-1.47731891531021,0.374490377293326,-0.603000777924074,-1.34234282041164,-1.99835846308076,-0.720000336488554,0.222183814297436,-0.543540478746153,-0.771613861548336,-0.0323344057842018,0.0695887603737173,0.711128789547076,-0.0385703582958246,0.0889898928130372,-0.282553270821506,-0.448201455541114,0.0544503076653693,-0.0516926962758242,65.0
61488.0,-0.582086480154112,0.776585999047303,1.22950067892194,-0.598658675297946,0.656101734162837,-0.19663889660599,0.568881318482703,0.229039966663847,-0.575142256006658,-0.772022920657609,1.12987320938853,0.149315681058295,-0.851224539600717,-0.0299180282572926,0.0717447548846251,0.673994216050871,-0.315734766948669,0.0659118334636983,-0.708460045199243,-0.160494299113032,-0.118915277298082,-0.487247322734629,-0.0030951539610324,-0.385430785183429,-0.547845364837656,-0.0785780502267224,0.0872728197538872,0.134434865595443,1.98
117837.0,1.20629650630678,-1.7924596994955,-1.24119195294027,0.157575510681427,0.007777109420394,1.92113040365903,-0.573005848631789,0.563852430297277,0.927590337849063,-0.031933945786579,0.726901075401732,0.414630097631836,-0.706606161254842,0.419354955396446,1.17289975619842,0.169405801020611,-0.289737729971524,-0.313523301317271,-1.02750650879559,0.443018788542346,0.46797608317107,0.6728930698955,-0.0926799521475448,-0.907036828025784,-0.622906199775024,0.58426454118384,-0.0602229936763107,-0.0075565089109592,363.0
164319.0,2.04511049625134,0.281163961440966,-1.99486451882479,1.12676856025669,0.882752854547123,-0.78424515971676,0.744507334218411,-0.372623096610905,-0.286801298401887,0.472336470904952,0.39970485019371,1.03427331229301,0.260664388077902,0.741850006244976,-1.14529742891209,-0.402769112408138,-0.670668737549446,0.0751865370815269,0.240779966739251,-0.232422183633318,0.17262408733304,0.691321262803373,-0.164713980543862,-0.457357996251508,0.660602211527012,-0.378388640403691,-0.0322743931463217,-0.0805899701071276,9.99
130129.0,1.83920222587906,-0.437855672985089,-1.70917750755605,0.524577163558071,0.0344455957785271,-0.532836693281239,-0.110272056822953,-0.0361842248265399,0.997196559883656,-0.471804184590092,-0.981801679394893,-0.934630597071014,-1.63226839826148,-0.848219748955372,0.717044793383987,0.657570904064038,0.617677054120199,0.405838392812078,-0.235094699454665,-0.0280262964414915,-0.0879277695292728,-0.440692074105858,0.138743309568697,0.291616281814175,-0.291201997133664,0.390940798481179,-0.0714906445626334,-0.0092641191770206,114.0
151620.0,-0.406409481587351,0.105591335908969,-1.59587975619183,-0.0781413983384601,0.340769967062993,-0.757322091162525,0.67489410440593,0.373720557576693,0.185608613860425,-1.37722308954386,0.39072816188233,0.294173327801911,-0.984568345199958,-0.889592467939129,-1.10289150712766,0.241669998658541,1.05416735034649,1.0426741088443,0.60574697129813,0.141689636302729,0.1910334006125,0.241224094638008,0.669741887649814,-0.559580651166902,-1.9823526724223,-0.36909565637264,0.217079452884529,0.264217687075618,160.5
29023.0,-0.508795667720889,0.753988407849757,1.00454752148324,-1.32305116894959,0.218935086462614,-0.877487396384862,0.761133598826755,-0.24311899644565,-0.0702892331841531,-0.630728815796164,-0.848218929738505,0.0687001270793039,0.60248485378601,-0.143211017343866,0.383342142129401,0.613608307311533,-0.873771497616779,-0.343062347325541,-0.473325920071087,-0.127116700623397,-0.0235600181072609,-0.191687053416895,-0.133482750108897,-0.0829504377781367,-0.207218071588636,0.754712551904996,-0.322754889961098,0.0309768841920037,16.0
81694.0,-0.692243054074684,1.26243639684482,0.675830990657416,0.835701412274102,-0.146526768464057,-0.645988707402994,0.440635838992603,0.371261119766066,-0.560809786854316,-0.237327162164084,-1.12722303133181,-0.53453832349024,-0.703421430124999,0.779335215564159,1.10247969514896,-0.0631370564688097,-0.104237420150948,0.372144138665225,0.529246300719545,0.0443232789268682,0.135116294095006,0.337056155128045,-0.0896617604985543,0.0132028218989297,-0.142714090674346,-0.291070519776522,0.279452439979351,0.151247042101486,29.6
32274.0,-4.03115957515561,-4.67083578911729,1.86686465845001,-0.485086256244802,3.81116803683025,-3.33459689719326,-3.02104640928905,0.648073611909043,-1.12949051640196,-0.081964065386739,1.70094839665367,-0.639768829425414,-1.28571261918407,-0.766355390873952,0.262145774456379,1.57190375853422,1.07210467369945,-0.449596260420387,-0.292886822250631,1.35297680995302,0.591014155392918,-0.0255296766389081,0.790888806963858,0.0640967885046229,0.428909982088176,-0.362560346296642,-0.138582123537866,0.169302988273218,67.41
37599.0,1.36907983956459,-1.59755955776851,0.544403845735944,-1.18541684874445,-1.68505056218251,0.3196491751758,-1.45271216480327,0.213342134427302,-1.00109554296054,1.37187730259559,-0.30142881642382,-0.778108787188181,-1.08819096679592,-0.584700495724633,-1.82508072038522,-0.664760536948501,0.730309774713165,0.574445751968917,0.827615814491668,-0.317019563025492,-0.269105310096406,-0.280831761620108,-0.159590869325227,-0.376359154896637,0.523253057168928,-0.0653297048713812,0.041427956282263,0.0092045222806606,64.17
155700.0,-1.88144678899848,1.88991141449573,1.32553973966114,4.64966582179478,-0.499825799531929,1.0486035203798,-0.514981411897519,0.0428394491973074,-2.02548843253641,0.963346530871471,-1.51978559250934,0.258763210856552,1.41805370589696,0.161187367413971,0.0025875770206444,-0.117807651130171,0.68378651360894,0.25553165138066,1.32959369704599,-0.270033808127003,1.02328861200813,0.551001792644021,-0.364755172517336,0.0532450878885011,0.487420857391927,0.689014772607913,-0.254899726202004,-0.0903679500999785,67.18
171122.0,1.96971042616897,-0.304087273157728,-0.261322583253508,0.460298769097799,-0.693701517516627,-0.670668941848068,-0.4585516609331,-0.067704668605938,1.27313725978017,-0.173142533953566,-0.753945031681017,0.56654953341652,0.122145027104719,-0.0360318989273697,0.695195107301212,0.131837252704104,-0.487218567437825,-0.288231216948503,-0.148884322042501,-0.226445868097729,-0.172141560427766,-0.339490194227777,0.376631720529025,-0.0569336757319139,-0.443559521447306,-0.619531963113418,0.0380471017567586,-0.0306390011404166,9.99
136082.0,2.04337150576895,-0.134580032452224,-1.18479066120128,0.228439159780866,0.0360929230806247,-0.715741150000657,0.0473944234521941,-0.145162185294914,0.362588709685386,0.254441167961909,0.605536279766061,0.815466467023295,-0.35270252369004,0.529826640276343,-0.59463282962756,0.202502615115009,-0.63286410758965,-0.222584934096634,0.559010281177164,-0.229667949614185,-0.263588002535382,-0.676768607621363,0.293719364626628,-0.346656257409794,-0.298634550816256,0.199689133260415,-0.0773348578424134,-0.0743464109735413,0.89
73118.0,1.38153154841898,-1.53896762974284,-0.975952520159935,-2.44225237699559,0.728197698843083,3.37816104417925,-1.53209906256429,0.795610499312267,-1.89364947125456,1.42983728835105,-0.187145902754443,-0.973647093185779,0.57410905377016,-0.23362998374899,0.945681780889628,0.146439224813526,-0.0759968364577077,0.370667848228847,0.103466857273932,-0.0091087978101288,-0.366007125001972,-1.05762374694195,0.0625351454544206,0.951949822083344,0.25990250412577,-0.404703347058012,0.0286280770107318,0.0390948242644402,104.45
78052.0,-0.764987430061365,-0.0192550879940011,2.38875228239634,-1.89220125772107,-0.438076124267548,-0.199743545237121,0.140493809075,-0.338031669449448,-0.467487604408645,0.690122797797065,-0.0846330139069601,-0.887857583551265,0.376297769614906,-1.14015951376724,0.787013434222557,1.13922291398309,-0.155036505641292,-1.31794275064004,-0.683835411462639,0.278855349992502,0.364060331856226,1.38421120322848,-0.306030304614213,0.123059102975457,0.0043488825774211,-0.234923284112861,-0.232214448297983,-0.245459870140704,24.99
89686.0,-0.613213365225752,1.67922380807282,1.75880816889445,4.16004313726608,0.439558227799921,1.47417780513913,0.160272975316856,-1.05580142452183,-0.717014095681003,2.58397236225879,-1.59836903731053,-0.632761527955772,1.08616490325639,-0.947983176455475,0.689749965796038,0.0176694851726767,-0.404727542657255,0.640155952751553,1.1624737153544,0.406903073280657,0.897151293677526,0.846017098696421,-0.214591339575285,-0.62682843741996,-0.556365298052931,0.469945791871236,0.0582369651954782,-0.0953561943523661,20.84
7750.0,-1.594998001341,-0.420661396614515,2.81169330009917,0.596092378528603,-0.106658009036674,0.626457777281559,0.74812343305277,0.0639499766362969,1.03626297877878,-1.08962607537866,2.3131911198443,-1.44086309502942,2.12765078737568,0.973558973714944,-1.20573306509484,0.172513375573641,0.0485298788722623,0.5539780441683,-1.38315494554219,0.594311926589752,0.260117500589778,0.682162749137736,0.281610556682306,0.154948607933362,0.480966799236197,-0.403889449063172,-0.193308768610117,-0.134102222162447,250.0
49950.0,-1.30436431349818,0.791783419337743,-0.0516153390590494,1.11653381584473,-0.0005916803941798,0.118601903822843,-0.669770635797641,1.02014641073421,-0.950162921195368,-0.198895018832129,1.73240442707604,1.1688199436865,0.442186545080139,0.547910078730111,1.40971171566949,-0.396156566084857,1.15258625836859,-0.274183891018212,1.08192707736415,-0.308857311791302,0.0861992701366171,0.179939337936061,0.597215061503509,-0.301772850322111,-1.69793462084738,0.13891556385488,-0.130531355060252,0.061762241065774,13.96
167447.0,1.98708518663625,-0.933623995567154,-0.949661733484332,-1.51473749183398,-0.683624178836831,-0.548926082138735,-0.604495993841691,-0.0887043618472832,2.27066278490435,-0.957942950132714,-0.996519658560861,0.628823427369385,0.269531965029249,-0.125008975914388,1.28820197808191,-0.301558143581683,-0.46263331099903,0.470495596941018,0.609742189635437,-0.0351946686230596,0.285875822963804,0.984965739999066,0.0021027717460389,0.54730905619033,0.0321968534936891,-0.059411222650428,0.017860230052732,-0.0319823344130583,60.66
83124.0,-0.629594748595404,1.01865005648405,1.73969735974761,0.0995597948807822,-0.332683116474342,-1.23675293958106,0.667818971462471,-0.115379284078162,-0.303233370890082,-0.188385339278386,0.0227316921094857,-0.070255826756968,-0.424845983389999,0.20969347836475,0.861613347862953,0.0508330884136614,-0.187372289136325,-0.486200891028135,-0.174310677942115,0.0277108035217351,-0.185475236426268,-0.519866057340861,0.125855875680409,0.88636080391555,-0.271412565027284,0.0296405215529199,0.138038600259391,0.114476593269871,1.98
147840.0,-0.791267514136397,0.226695303410769,0.854098114390437,0.704963972471382,1.66129854509553,0.592061115494682,0.824571489605023,-0.0056034375614662,-0.396196787462125,-0.0793667377051885,-0.868585042477237,-0.622264446417879,-1.33226056195405,0.291822905730064,-0.725554648119667,-0.5591018511034,-0.468423213968519,1.01716174938843,1.66642277566697,0.269061512595122,0.146024607290308,0.53642355761274,-0.671148520193944,-1.43896462325962,1.19860734719344,-0.0243293892840913,-0.132305894246759,-0.180158050079484,49.28
120981.0,2.0235905708272,0.61662694018589,-5.23644396391062,-0.445984252244899,3.82463075628205,1.99986634342823,0.449171643928326,0.461368017328173,-0.125711917551162,-1.76521338767188,1.44909034442771,-0.578157719167081,-0.535917716067317,-3.38144157146622,1.24672497643077,0.699379492747832,3.06155903374917,1.26472805581035,-0.686057175012812,0.0252722860934217,-0.0755937064071339,-0.218926022002759,-0.0999483401892874,0.384895030382249,0.465603185323455,0.259985612258043,-0.02009083064444,0.0167314120947262,35.55
154061.0,0.188519476709675,0.81301545755881,-0.291391003529389,-0.564867383487489,1.03123661912135,-0.731528024496988,1.11462532522921,-0.254050621116494,0.228143793211721,-0.611758850605101,-0.725454194630713,-0.652957732862168,-0.868562652797174,-1.04935740914287,-0.0634228375951192,0.241188088221466,0.355468903331405,-0.211211261264339,-0.280855907314513,0.0644898167776113,-0.389800172611465,-0.864010791403654,0.1025253890784,0.474814370586597,-0.480748461071855,0.093463431061497,0.0511413172897872,-0.139825838387505,14.48
80534.0,-1.81774051226205,-0.626006537342626,1.76289505277306,-0.786857472311225,-0.370085628158803,-0.192872115524178,-0.349649576344089,0.755029566271024,0.227261774997816,-1.32524380580081,0.186831602117524,1.01592455584872,-0.146814256235919,-0.135940350111141,-1.6757062325441,0.520816623123825,-0.332603042298281,0.156052569251816,0.182623739778886,0.28529913018606,0.0559162062819431,-0.332670189892211,0.0930170908702008,0.0697622473047221,-0.0867639063605301,0.773682219562974,-0.128586793214253,-0.117896428311829,111.16
41121.0,1.15090127230794,0.35442392512003,0.863922748936419,2.75104380190818,-0.39863394892263,-0.151675037888251,-0.0876946168477893,0.0182471676438645,-0.120355438876921,0.531924953823515,-1.1060695840374,-0.0955786463901623,-0.616713527826156,-0.0876936297601321,-0.841280224484864,0.120644651119073,-0.121268731204,-0.457528479857841,-0.612000598765982,-0.201720986887133,-0.0840702800655345,-0.0814453269702711,-0.0765502252595773,0.392563130156729,0.608029769266388,0.0789320827474484,0.0046913085622645,0.0198471873556112,7.59
167468.0,2.15428490064742,-0.848598476732077,-1.58213847222887,-1.15928779846103,-0.176342412150594,-0.428208281061021,-0.461613496436418,-0.174517960573561,-0.78477993839494,1.01566853418386,0.760790504878881,0.049304361856493,0.496019023929307,0.11065171238874,-0.294988084322305,1.24282491135982,-0.296190466865668,-0.633843181947002,0.831520291844556,0.103786891422398,0.490819062643697,1.30948965830317,-0.0680450259083792,0.421149990545533,0.226396803700909,0.0408029074116152,-0.0491131723246438,-0.0652363344512476,45.85
133158.0,-1.90236892818443,0.998840455357139,1.26835018981145,-0.536515000525097,-0.0774589615502404,-0.100961557879371,-0.343506349412919,0.706392770522128,-0.235113857829833,-0.694792855773361,0.518282913060163,0.976757839948842,0.435713713537032,0.427734012429568,0.354159416992915,0.464594280104333,-0.584933579944616,0.603015033856314,0.687478683704895,-0.297610914590591,-0.0527676350802222,-0.326943840617224,-0.513680439855356,-0.397356177997885,0.21578233936129,-0.467614607865515,-0.614314619531732,-0.450977879387903,1.0
80418.0,0.886940049357224,-0.882871189148857,1.0739019765009,0.236871607879083,-1.25339089594706,0.304225151727698,-0.736338976396559,0.347048388719781,1.05309031111649,-0.354417152726194,1.15486573950454,0.936714153992729,-1.05920374335374,-0.110018015626841,-0.65234709240311,-0.218315386208847,0.302651772362083,-0.524398237711089,0.288854548549082,0.0712593864415329,-0.0815383043953736,-0.282955747170241,0.0313001425274442,0.279180014522953,-0.0675063302314263,0.933094899456904,-0.0485068202090272,0.020926208829802,124.06
81610.0,1.45548594572409,-0.831044881836967,0.456161171416899,-1.02456796219268,-0.719330730611104,0.809572396893951,-1.31118126891724,0.275508264465042,-0.218224085360833,0.687496193371324,-0.429582915582316,-0.411999087220873,0.33432896681029,-0.599506519824389,-0.203351405855354,1.88844878836357,-0.560517572010523,0.0458674714053836,1.40439787254464,0.1128673442068,0.238107589617837,0.752941807004992,-0.318795884430677,-1.33807255741668,0.657129427348101,0.0443881704980901,0.044924330508328,-0.0040382200205659,0.0
41983.0,-1.95217885655052,-1.5716719940761,2.10816527018074,-1.53072104793496,0.784554655863935,-1.26937571167737,-1.19532837993933,0.225092962934468,-1.06420459907896,0.330828217224443,0.74370828929142,-0.790826986239518,-0.826821569985208,-0.117356292769859,-0.0494685302703583,1.84034213353382,-0.408219289542016,-0.2193890301942,0.30355835092832,0.0793987861407479,0.387761453045299,0.740416105082926,-0.352165332283702,0.0140079724230079,0.468157447484581,-0.187565285158072,-0.0991082924865653,0.211462821670555,19.4
69622.0,1.02060465521389,-0.312197717004965,0.040455138855589,0.116210571527068,-0.621047653685778,-1.10298589695674,0.272446496991753,-0.12924403136458,-0.133230479814924,0.0223721205119596,1.48334743628122,0.251224380631407,-1.54073926287753,0.951067969238595,0.311074327187804,0.338000215066008,-0.291757556936328,-0.377830956563456,0.46600023756129,0.0699705719335461,-0.326240830491369,-1.36291620397941,0.138360742243835,0.521905420857212,-0.0484907779345755,0.584631439116107,-0.135848555540377,0.012502385209076,121.99
84516.0,1.30527062198292,-0.438323252855237,0.539705236761407,-0.913200674311007,-0.883994266121828,-0.366863926226867,-0.653552808826024,0.0733152907415349,2.01966146898983,-1.05130681936308,-1.34758001004982,-0.0301852200905914,-0.823590251278514,-0.0141246317285225,1.43551381892265,-0.15413327955128,-0.396858077567409,0.575581851062953,0.87860763338569,-0.158107985771456,-0.0782139370953572,-0.0163943494155325,-0.12826606501607,-0.456985387983175,0.580755423773239,-0.631412008116664,0.0864715346439779,0.0247869855512644,1.0
42577.0,1.09596126152809,0.0158531604845383,1.41899269372219,1.35614555785475,-0.859835080037299,0.106007789600074,-0.569203300569864,0.153418260164852,0.715172520849233,-0.273606642186296,-0.107615528641633,1.20466298511257,0.952310453634709,-0.511103842864442,0.296579927611096,-0.356838728539697,0.0916476167698059,-0.740888983466596,-0.697895937209447,-0.121379588006808,-0.0045732975794788,0.284956068541452,0.0574759249276852,0.437754018354355,0.334009442231324,-0.40261352923602,0.096724335766788,0.0396092481561926,4.99
149760.0,-1.10830679580902,1.67697915268387,-0.564840500031817,-0.955476006067333,0.533045383395372,-0.565562265310054,0.618204080531226,0.426182814605609,-0.163681808701171,-0.335769965224562,-1.9511923339457,0.345222371068918,0.962508911361803,0.272490526524852,-0.438939933091738,0.239407698352942,-0.583384753888442,-0.434772766424347,0.368622938077198,0.0311045540624401,-0.269721651700321,-0.632552584848502,-0.0419680564788794,-0.990802007098551,-0.381438466511376,0.16300614339075,-0.0860654102253294,-0.0669525019548161,1.5
145966.0,1.97964374884294,-0.543754444926582,-0.458006511924385,0.272414897228954,-0.711742306952799,-0.475672714108041,-0.606881551769286,0.0369143089749401,1.33285455396781,0.0203217498192987,-1.34761680049029,-0.471802700808408,-1.23458128784158,0.164482644347677,0.769549222255367,0.570844113350987,-0.519699647169178,-0.203089600195591,0.0096964424589188,-0.234893767793907,-0.241548354967091,-0.684330667912064,0.378810027968192,-0.462302099787138,-0.654915860398316,0.304398856392059,-0.0450344932284202,-0.0468953367931245,27.99
80500.0,-0.724135886018829,1.36214541628791,1.14000300658313,0.233679674284374,-0.592786426963314,-1.34093287697106,0.361566221943598,0.33774548036495,-0.549898700728007,-0.730340356529984,0.0584495289610296,0.0732898918912257,-0.255344353467865,-0.0130143409356854,0.853533780419936,0.366345398799945,0.38948898259991,-0.230113136494297,-0.295390733473081,-0.0236000001914342,-0.187402240124864,-0.630317995161838,0.123689303542589,0.855632416547712,-0.216626716619136,0.042352150677305,0.116772645755379,0.0410698739888293,9.42
31074.0,-0.422452321555052,0.692418146168604,1.13054273011542,1.02092554992192,0.968593183594645,0.113877911424508,0.371615916741879,0.0714874094879362,-0.681300197680101,-0.121382371948689,-0.993376750920317,-0.174663388393834,0.528984876541028,0.233987264820303,1.51304593946985,-0.413630413934645,-0.149912783242342,0.0241794705178971,0.598814275818207,0.142167696251214,0.196034673705747,0.590964830527979,-0.216779260229608,-0.74627184912865,-0.14673673711176,-0.140660392259346,0.180035523439547,0.152235694377976,5.0
